first_name,last_name,email,phone,title,location,experience_years
Aarav,Sharma,aarav.sharma@example.com,9000000000,QA Engineer,"Bangalore, India",1
Priya,Verma,priya.verma@example.com,9000000001,QA Engineer,"Bangalore, India",2
Rahul,Singh,rahul.singh@example.com,9000000002,QA Engineer,"Bangalore, India",3
Anjali,Gupta,anjali.gupta@example.com,9000000003,QA Engineer,"Bangalore, India",4
Vikram,Nair,vikram.nair@example.com,9000000004,QA Engineer,"Bangalore, India",5
Sneha,Iyer,sneha.iyer@example.com,9000000005,QA Engineer,"Bangalore, India",6
Arjun,Mehta,arjun.mehta@example.com,9000000006,QA Engineer,"Bangalore, India",7
Divya,Patel,divya.patel@example.com,9000000007,QA Engineer,"Bangalore, India",8
Karan,Kapoor,karan.kapoor@example.com,9000000008,QA Engineer,"Bangalore, India",9
Neha,Joshi,neha.joshi@example.com,9000000009,QA Engineer,"Bangalore, India",10
Rohit,Yadav,rohit.yadav@example.com,9000000010,QA Engineer,"Bangalore, India",11
Pooja,Tiwari,pooja.tiwari@example.com,9000000011,QA Engineer,"Bangalore, India",12
Auto,User12,auto.user12@test.com,8000000012,Engineer,"Mumbai, India",2
Auto,User13,auto.user13@test.com,8000000013,Engineer,"Mumbai, India",3
Auto,User14,auto.user14@test.com,8000000014,Engineer,"Mumbai, India",4
Auto,User15,auto.user15@test.com,8000000015,Engineer,"Mumbai, India",5
Auto,User16,auto.user16@test.com,8000000016,Engineer,"Mumbai, India",6
Auto,User17,auto.user17@test.com,8000000017,Engineer,"Mumbai, India",7
Auto,User18,auto.user18@test.com,8000000018,Engineer,"Mumbai, India",8
Auto,User19,auto.user19@test.com,8000000019,Engineer,"Mumbai, India",9
Auto,User20,auto.user20@test.com,8000000020,Engineer,"Mumbai, India",0
Auto,User21,auto.user21@test.com,8000000021,Engineer,"Mumbai, India",1
Auto,User22,auto.user22@test.com,8000000022,Engineer,"Mumbai, India",2
Auto,User23,auto.user23@test.com,8000000023,Engineer,"Mumbai, India",3
Auto,User24,auto.user24@test.com,8000000024,Engineer,"Mumbai, India",4
Auto,User25,auto.user25@test.com,8000000025,Engineer,"Mumbai, India",5
Auto,User26,auto.user26@test.com,8000000026,Engineer,"Mumbai, India",6
Auto,User27,auto.user27@test.com,8000000027,Engineer,"Mumbai, India",7
Auto,User28,auto.user28@test.com,8000000028,Engineer,"Mumbai, India",8
Auto,User29,auto.user29@test.com,8000000029,Engineer,"Mumbai, India",9
Auto,User30,auto.user30@test.com,8000000030,Engineer,"Mumbai, India",0
Auto,User31,auto.user31@test.com,8000000031,Engineer,"Mumbai, India",1
Auto,User32,auto.user32@test.com,8000000032,Engineer,"Mumbai, India",2
Auto,User33,auto.user33@test.com,8000000033,Engineer,"Mumbai, India",3
Auto,User34,auto.user34@test.com,8000000034,Engineer,"Mumbai, India",4
Auto,User35,auto.user35@test.com,8000000035,Engineer,"Mumbai, India",5
Auto,User36,auto.user36@test.com,8000000036,Engineer,"Mumbai, India",6
Auto,User37,auto.user37@test.com,8000000037,Engineer,"Mumbai, India",7
Auto,User38,auto.user38@test.com,8000000038,Engineer,"Mumbai, India",8
Auto,User39,auto.user39@test.com,8000000039,Engineer,"Mumbai, India",9
Auto,User40,auto.user40@test.com,8000000040,Engineer,"Mumbai, India",0
Auto,User41,auto.user41@test.com,8000000041,Engineer,"Mumbai, India",1
Auto,User42,auto.user42@test.com,8000000042,Engineer,"Mumbai, India",2
Auto,User43,auto.user43@test.com,8000000043,Engineer,"Mumbai, India",3
Auto,User44,auto.user44@test.com,8000000044,Engineer,"Mumbai, India",4
Auto,User45,auto.user45@test.com,8000000045,Engineer,"Mumbai, India",5
Auto,User46,auto.user46@test.com,8000000046,Engineer,"Mumbai, India",6
Auto,User47,auto.user47@test.com,8000000047,Engineer,"Mumbai, India",7
Auto,User48,auto.user48@test.com,8000000048,Engineer,"Mumbai, India",8
Auto,User49,auto.user49@test.com,8000000049,Engineer,"Mumbai, India",9
